-- Batch-2 content: 20 chapter top-ups + 26 new chapters / 130 words (2026-07-10)
-- KJV-verified; see docs/expansion-batch2-ledger.json

insert into public.chapters (id, title, description, sort_order, season_id) values
  ('genesis-beginnings', 'Genesis: Creation and Fall', 'Origins, Sabbath rest, and the promise after the fall — foundation of last-day hope.', 50, null),
  ('exodus-sabbath', 'Exodus: Law and Sabbath', 'Covenant law, the fourth commandment, and a people sealed as God’s own.', 51, null),
  ('isaiah-sabbath', 'Isaiah: True Sabbath Keeping', 'Isaiah 58’s call to delight in the holy day of the Lord.', 52, null),
  ('ezekiel-watchman', 'Ezekiel: Watchman on the Walls', 'Bloodguilt, warning, and the duty to sound the alarm.', 53, null),
  ('daniel-one', 'Daniel: Faithful in Babylon', 'Purpose of heart, diet test, and wisdom from God.', 54, 'daniel'),
  ('habakkuk-vision', 'Habakkuk: Write the Vision', 'Watchtower faith and the just who live by faith.', 55, null),
  ('zephaniah-day', 'Zephaniah: Day of the Lord', 'Seek meekness before the day of the Lord’s anger.', 56, null),
  ('matthew-signs', 'Matthew: Olivet Signs', 'Further signs from Jesus’ discourse on the Mount of Olives.', 57, null),
  ('john-comfort', 'John: Comfort of the Spirit', 'Promise of the Comforter and truth that sanctifies.', 58, null),
  ('acts-witness', 'Acts: Spirit-Powered Witness', 'Power after the Spirit comes; ends of the earth mission.', 59, null),
  ('romans-righteousness', 'Romans: Righteousness by Faith', 'Gospel power, no condemnation, and the law established by faith.', 60, null),
  ('galatians-liberty', 'Galatians: Gospel Liberty', 'Christ living in me; liberty that serves love.', 61, null),
  ('ephesians-unity', 'Ephesians: One Body', 'Unity of the Spirit and the church as Christ’s body.', 62, null),
  ('philippians-mind', 'Philippians: Mind of Christ', 'Humility, exaltation, and pressing toward the mark.', 63, null),
  ('colossians-christ', 'Colossians: Christ Supreme', 'Christ the Creator, the fullness of the Godhead, and hidden life.', 64, null),
  ('thessalonians-hope', 'Thessalonians: Blessed Hope', 'Comfort of the resurrection and the day of the Lord.', 65, null),
  ('timothy-scripture', 'Timothy: Scripture and Charge', 'Inspiration of Scripture and the charge to preach the word.', 66, null),
  ('hebrews-faith', 'Hebrews: Faith of the Fathers', 'Substance of things hoped for; looking unto Jesus.', 67, null),
  ('james-works', 'James: Faith That Works', 'Doers of the word and pure religion before God.', 68, null),
  ('peter-promise', 'Peter: Precious Promises', 'Partakers of the divine nature and a more sure word.', 69, null),
  ('john-love', 'John: Love and Commandments', 'Love perfected and commandments not grievous.', 70, null),
  ('jude-contend', 'Jude: Contend for the Faith', 'Earnest contention for the once-delivered faith.', 71, null),
  ('rev-letters', 'Revelation: Letters to Churches', 'Further counsel from the seven letters.', 72, 'revelation'),
  ('rev-final', 'Revelation: Final Appeal', 'Last invitations and warnings of the Apocalypse.', 73, 'revelation'),
  ('psalms-refuge', 'Psalms: Refuge and Shepherd', 'Trust, shepherd care, and the word as lamp.', 74, null),
  ('proverbs-wisdom', 'Proverbs: Wisdom’s Call', 'Fear of the Lord and trust that does not lean on self.', 75, null)
on conflict (id) do update set title = excluded.title, description = excluded.description, sort_order = excluded.sort_order, season_id = excluded.season_id;

insert into public.season_chapters (season_id, chapter_id) values
  ('daniel', 'daniel-one'),
  ('revelation', 'rev-letters'),
  ('revelation', 'rev-final')
on conflict do nothing;

insert into public.words (id, chapter_id, word, clue, expert_clue, verse, scripture, summary, sort_order) values
  ('signs-5', 'signs', 'NATION SHALL RISE AGAINST NATION', 'Jesus lists international conflict among signs of the end in the Olivet discourse.', 'Matthew 24:7 — nation shall rise against nation', 'Matthew 24:7', 'For nation shall rise against nation, and kingdom against kingdom: and there shall be famines, and pestilences, and earthquakes, in divers places. 8 All these are the beginning of sorrows. 9 Then shall they deliver you up to be afflicted, and sha', 'Global unrest is a solemn reminder that history moves toward the promised return of Christ.', 4),
  ('shaking-5', 'shaking', 'THINGS WHICH CANNOT BE SHAKEN', 'What remains after God removes what can be shaken.', 'Hebrews 12:27 — things which cannot be shaken may remain', 'Hebrews 12:27', 'Things which cannot be shaken may remain. 28 Wherefore we receiving a kingdom which cannot be moved, let us have grace, whereby we may serve God acceptably with reverence and godly fear: 29 For our God is a consuming fire. 2654 Hebrews 12', 'Only truth rooted in God endures the final shaking of church and world.', 4),
  ('latter-rain-5', 'latter-rain', 'YOUR SONS AND YOUR DAUGHTERS SHALL PROPHESY', 'Joel’s promise of Spirit on all flesh before the great day.', 'Joel 2:28 — your sons and your daughters shall prophesy', 'Joel 2:28', 'sons and your daughters shall prophesy, your old men shall dream dreams, your young men shall see visions: 29 And also upon the servants and upon the handmaids in those days will I pour out my spirit. 30 And I will shew wonders in the he', 'The latter rain empowers the final gospel witness as Pentecost empowered the first.', 4),
  ('loud-cry-5', 'loud-cry', 'EARTH WAS LIGHTENED WITH HIS GLORY', 'Revelation 18 angel fills the world with radiant heavenly light.', 'Revelation 18:1 — the earth was lightened with his glory', 'Revelation 18:1', 'earth was lightened with his glory. 2 And he cried mightily with a strong voice, saying, Babylon the great is fallen, is fallen, and is become the habitation of devils, and the hold of every foul spirit, and a cage of every unclean and h', 'The loud cry is not mere volume but global revelation of God’s character and warning.', 4),
  ('seal-of-god-5', 'seal-of-god', 'SEAL THE LAW AMONG MY DISCIPLES', 'Isaiah links sealing God’s law among those who wait for Him.', 'Isaiah 8:16 — Bind up the testimony, seal the law among my disciples', 'Isaiah 8:16', 'Bind up the testimony, seal the law among my disciples. 17 And I will wait upon the Lord, that hideth his face from the house of Jacob, and I will look for him. 18 Behold, I and the children whom the Lord hath given me are for signs and for w', 'God’s seal involves loyalty to His law written in heart and life.', 4),
  ('time-of-trouble-5', 'time-of-trouble', 'MICHAEL SHALL STAND UP', 'Daniel’s great prince stands for his people in unprecedented trouble.', 'Daniel 12:1 — Michael stand up, the great prince', 'Daniel 12:1', 'And at that time shall Michael stand up, the great prince which standeth for the children of thy people: and there shall be a time of trouble, such as never was since there was a nation even to that same time: and at that time thy people shall be delivered, every', 'Deliverance is personal and divine when human mediation is finished.', 4),
  ('second-coming-5', 'second-coming', 'EVERY EYE SHALL SEE HIM', 'John’s description of the public, visible return of Christ.', 'Revelation 1:7 — every eye shall see him', 'Revelation 1:7', 'Behold, he cometh with clouds; and every eye shall see him, and they also which pierced him: and all kindreds of the earth shall wail because of him. Even so, Amen. 8 I am Alpha and Omega, the beginning and the ending, saith the Lord, which is, and which was, and which is to', 'The Advent is not secret; the whole world will know when the King returns.', 4),
  ('new-earth-5', 'new-earth', 'FORMER THINGS ARE PASSED AWAY', 'God’s promise after tears and death are gone from the new creation.', 'Revelation 21:4 — for the former things are passed away', 'Revelation 21:4', 'the former things are passed away. 5 And he that sat upon the throne said, Behold, I make all things new. And he said unto me, Write: for these words are true and faithful. 6 And he said unto me, It is done. I am Alpha and Omega, the begi', 'Sin’s history ends; the redeemed inherit a world where pain is only a memory.', 4),
  ('judgment-5', 'judgment', 'BOOKS WERE OPENED', 'Daniel’s court scene before the Ancient of days.', 'Daniel 7:10 — the judgment was set, and the books were opened', 'Daniel 7:10', 'judgment was set, and the books were opened. 11 I beheld then because of the voice of the great words which the horn spake: I beheld even till the beast was slain, and his body destroyed, and given to the burning flame. 12 As concerning t', 'Heaven’s records undergird a fair judgment before the sentence of the ages.', 4),
  ('deceptions-5', 'deceptions', 'LYING WONDERS', 'Paul warns of Satan’s power with deceptive signs after the working of the lawless one.', '2 Thessalonians 2:9 — all power and signs and lying wonders', '2 Thessalonians 2:9', 'power and signs and lying wonders, 10 And with all deceivableness of unrighteousness in them that perish; because they received not the love of the truth, that they might be saved. 11 And for this cause God shall send them strong delusion', 'Miracles alone never prove truth; the Word is the test of every wonder.', 4),
  ('daniel-image-5', 'daniel-image', 'GOD OF HEAVEN SET UP A KINGDOM', 'Daniel interprets the stone kingdom that fills the whole earth.', 'Daniel 2:44 — the God of heaven set up a kingdom', 'Daniel 2:44', 'And in the days of these kings shall the God of heaven set up a kingdom, which shall never be destroyed: and the kingdom shall not be left to other people, but it shall break in pieces and consume all these kingdoms, and it shall stand for ever. 45 Forasmuch as thou sawest that', 'Human empires fall; Christ’s kingdom alone is everlasting.', 4),
  ('daniel-beasts-5', 'daniel-beasts', 'FOUR KINGS WHICH SHALL ARISE', 'Angel’s plain interpretation of the four great beasts from the sea.', 'Daniel 7:17 — These great beasts, which are four, are four kings', 'Daniel 7:17', 'These great beasts, which are four, are four kings, which shall arise out of the earth. 18 But the saints of the most High shall take the kingdom, and possess the kingdom for ever, even for ever and ever. 19 Then I would know the truth of the', 'Prophecy decodes empire after empire until the saints receive the kingdom.', 4),
  ('daniel-horn-5', 'daniel-horn', 'WEAR OUT THE SAINTS', 'The little horn makes war on the holy ones for a prophetic time.', 'Daniel 7:25 — shall wear out the saints of the most High', 'Daniel 7:25', 'And he shall speak great words against the most High, and shall wear out the saints of the most High, and think to change times and laws: and they shall be given into his hand until a time and times and the dividing of time. 26 But the judgment shall sit, and they shall take away his dominion, to c', 'Persecuting power is limited by heaven’s calendar; saints outlast the horn.', 4),
  ('daniel-sanctuary-5', 'daniel-sanctuary', 'HOW LONG SHALL BE THE VISION', 'The holy one’s question that introduces the 2300 days.', 'Daniel 8:13 — How long shall be the vision', 'Daniel 8:13', 'How long shall be the vision concerning the daily sacrifice, and the transgression of desolation, to give both the sanctuary and the host to be trodden under foot? 14 And he said unto me, Unto two thousand and three hundred days; then shall', 'Longest prophetic timeline anchors hope in the cleansing of the sanctuary.', 4),
  ('daniel-stand-5', 'daniel-stand', 'KNOWLEDGE SHALL BE INCREASED', 'End-time running to and fro with increase of knowledge.', 'Daniel 12:4 — knowledge shall be increased', 'Daniel 12:4', 'Knowledge shall be increased. 5 Then I Daniel looked, and, behold, there stood other two, the one on this side of the bank of the river, and the other on that side of the bank of the river. 6 And one said to the man clothed in linen, which wa', 'Sealed prophecy opens as the time of the end arrives.', 4),
  ('rev-churches-5', 'rev-churches', 'BE ZEALOUS THEREFORE AND REPENT', 'Christ’s counsel to lukewarm Laodicea.', 'Revelation 3:19 — be zealous therefore, and repent', 'Revelation 3:19', 'As many as I love, I rebuke and chasten: be zealous therefore, and repent. 20 Behold, I stand at the door, and knock: if any man hear my voice, and open the door, I will come in to him, and will sup with him, and he with me. 21 To him that overcometh will I grant to sit with me in m', 'Love rebukes; repentance restores the end-time church to usefulness.', 4),
  ('rev-seals-5', 'rev-seals', 'HOW LONG O LORD HOLY AND TRUE', 'Cry of the fifth-seal martyrs under the altar.', 'Revelation 6:10 — How long, O Lord, holy and true', 'Revelation 6:10', 'How long, O Lord, holy and true, dost thou not judge and avenge our blood on them that dwell on the earth? 11 And white robes were given unto every one of them; and it was said unto them, that they should rest yet for a little season, until', 'Justice delayed is not justice denied; God answers in His time.', 4),
  ('rev-trumpets-5', 'rev-trumpets', 'SEVEN ANGELS WHICH HAD THE SEVEN TRUMPETS', 'Angels prepared to sound the judgments of the trumpets.', 'Revelation 8:6 — seven angels which had the seven trumpets', 'Revelation 8:6', 'And the seven angels which had the seven trumpets prepared themselves to sound. 7 The first angel sounded, and there followed hail and fire mingled with blood, and they were cast upon the earth: and the third part of trees was burnt up, and all gree', 'Trumpets warn the world while mercy still mingles with judgment.', 4),
  ('rev-beast-5', 'rev-beast', 'KEEP THE COMMANDMENTS OF GOD', 'Remnant mark with the faith of Jesus in Revelation 14.', 'Revelation 14:12 — keep the commandments of God, and the faith of Jesus', 'Revelation 14:12', 'Here is the patience of the saints: here are they that keep the commandments of God, and the faith of Jesus. 13 And I heard a voice from heaven saying unto me, Write, Blessed are the dead which die in the Lord from henceforth: Yea, saith the Spirit, that they may rest from their labours; and the', 'Commandments of God and faith of Jesus define those who endure.', 4),
  ('rev-millennium-5', 'rev-millennium', 'THEY LIVED AND REIGNED WITH CHRIST', 'Those in the first resurrection share His rule for a thousand years.', 'Revelation 20:4 — they lived and reigned with Christ a thousand years', 'Revelation 20:4', 'lived and reigned with Christ a thousand years. 5 But the rest of the dead lived not again until the thousand years were finished. This is the first resurrection. 6 Blessed and holy is he that hath part in the first resurrection: on such', 'The millennium is victory for the redeemed and judgment review with Christ.', 4),
  ('genesis-beginnings-1', 'genesis-beginnings', 'IN THE BEGINNING GOD CREATED', 'Opening line of Scripture establishing God as Creator.', null, 'Genesis 1:1', 'In the beginning God created the heaven and the earth. 2 And the earth was without form, and void; and darkness was upon the face of the deep. And the Spirit of God moved upon the face of the waters. 3 And God said, Let there be light: and th', 'Creation anchors the Sabbath and the three angels’ call to worship the Maker.', 0),
  ('genesis-beginnings-2', 'genesis-beginnings', 'GOD BLESSED THE SEVENTH DAY', 'The day God sanctified after finishing His work.', null, 'Genesis 2:3', 'And God blessed the seventh day, and sanctified it: because that in it he had rested from all his work which God created and made. 4 These are the generations of the heavens and of the earth when they were created, in the day that the Lord God m', 'Sabbath is a creation memorial, not a Jewish invention.', 1),
  ('genesis-beginnings-3', 'genesis-beginnings', 'DUST THOU ART', 'Sentence on Adam after the fall — mortality announced.', null, 'Genesis 3:19', 'thou art, and unto dust shalt thou return. 20 And Adam called his wife''s name Eve; because she was the mother of all living. 21 Unto Adam also and to his wife did the Lord God make coats of skins, and clothed them. 22 And the Lord God sai', 'Death is the wage of sin; resurrection is the gift of Christ.', 2),
  ('genesis-beginnings-4', 'genesis-beginnings', 'ENMITY BETWEEN THEE AND THE WOMAN', 'First gospel promise spoken to the serpent.', null, 'Genesis 3:15', 'Enmity between thee and the woman, and between thy seed and her seed; it shall bruise thy head, and thou shalt bruise his heel. 16 Unto the woman he said, I will greatly multiply thy sorrow and thy conception; in sorrow thou shalt bring fort', 'The great controversy began in Eden and ends with the serpent crushed.', 3),
  ('genesis-beginnings-5', 'genesis-beginnings', 'NOAH FOUND GRACE', 'Why one man was spared when the earth was filled with violence.', null, 'Genesis 6:8', 'But Noah found grace in the eyes of the Lord. 9 These are the generations of Noah: Noah was a just man and perfect in his generations, and Noah walked with God. 10 And Noah begat three sons, Shem, Ham, and Japheth. 11 The earth also was corrupt be', 'As in Noah’s day, grace saves a remnant before judgment falls.', 4),
  ('exodus-sabbath-1', 'exodus-sabbath', 'REMEMBER THE SABBATH DAY', 'Opening of the fourth commandment.', null, 'Exodus 20:8', 'Remember the sabbath day, to keep it holy. 9 Six days shalt thou labour, and do all thy work: 10 But the seventh day is the sabbath of the Lord thy God: in it thou shalt not do any work, thou, nor thy son, nor thy daughter, thy manservant, no', 'Remembrance of creation and redemption meet in the Sabbath command.', 0),
  ('exodus-sabbath-2', 'exodus-sabbath', 'SIX DAYS SHALT THOU LABOUR', 'Work week bounded by holy rest.', null, 'Exodus 20:9', 'Six days shalt thou labour, and do all thy work: 10 But the seventh day is the sabbath of the Lord thy God: in it thou shalt not do any work, thou, nor thy son, nor thy daughter, thy manservant, nor thy maidservant, nor thy cattle, nor thy s', 'Sabbath blessing includes faithful labor and holy rest.', 1),
  ('exodus-sabbath-3', 'exodus-sabbath', 'THE SEVENTH DAY IS THE SABBATH', 'Plain identity of the day belonging to the LORD thy God.', null, 'Exodus 20:10', 'Six days shalt thou labour, and do all thy work: 10 But the seventh day is the sabbath of the Lord thy God: in it thou shalt not do any work, thou, nor thy son, nor thy daughter, thy manservant, nor thy maidservant, nor thy cattle, nor thy stranger that is within thy gates: 11 For in six days the', 'God names the day; human tradition cannot rename His holy time.', 2),
  ('exodus-sabbath-4', 'exodus-sabbath', 'FOR IN SIX DAYS THE LORD', 'Creation reason attached to the Sabbath command.', null, 'Exodus 20:11', 'For in six days the Lord made heaven and earth, the sea, and all that in them is, and rested the seventh day: wherefore the Lord blessed the sabbath day, and hallowed it. 12 Honour thy father and thy mother: that thy days may be long upon th', 'Creator worship is the issue of the final crisis.', 3),
  ('exodus-sabbath-5', 'exodus-sabbath', 'TABLES OF STONE', 'Material on which God wrote the Ten Commandments.', null, 'Exodus 31:18', 'Tables of stone, written with the finger of God. Exodus 31 194 Exodus 31', 'The law is as enduring as the finger that wrote it.', 4),
  ('isaiah-sabbath-1', 'isaiah-sabbath', 'CALL THE SABBATH A DELIGHT', 'Isaiah’s description of true Sabbath joy.', null, 'Isaiah 58:13', 'the sabbath a delight, the holy of the Lord, honourable; and shalt honour him, not doing thine own ways, nor finding thine own pleasure, nor speaking thine own words: Isaiah 58 1400 Isaiah 58', 'Sabbath is gift, not burden, when the heart loves the Giver.', 0),
  ('isaiah-sabbath-2', 'isaiah-sabbath', 'HOLY OF THE LORD HONOURABLE', 'How the Sabbath is to be called by those who honor God.', null, 'Isaiah 58:13', 'holy of the Lord, honourable; and shalt honour him, not doing thine own ways, nor finding thine own pleasure, nor speaking thine own words: Isaiah 58 1400 Isaiah 58', 'Reverence for God’s day reveals reverence for God’s character.', 1),
  ('isaiah-sabbath-3', 'isaiah-sabbath', 'NOT DOING THINE OWN WAYS', 'Sabbath restraint of self-seeking pleasure and speech.', null, 'Isaiah 58:13', 'doing thine own ways, nor finding thine own pleasure, nor speaking thine own words: Isaiah 58 1400 Isaiah 58', 'Holy time frees us from self to serve God and neighbor.', 2),
  ('isaiah-sabbath-4', 'isaiah-sabbath', 'THEN SHALT THOU DELIGHT THYSELF', 'Promise to those who keep Sabbath from polluting it.', null, 'Isaiah 58:14', 'Then shalt thou delight thyself in the Lord; and I will cause thee to ride upon the high places of the earth, and feed thee with the heritage of Jacob thy father: for the mouth of the Lord hath spoken it. 1401 Isaiah 58', 'Delight in God is the reward of true Sabbath rest.', 3),
  ('isaiah-sabbath-5', 'isaiah-sabbath', 'RIDE UPON THE HIGH PLACES', 'Isaiah’s promise of elevated privilege for Sabbath keepers.', null, 'Isaiah 58:14', 'I will cause thee to ride upon the high places of the earth, and feed thee with the heritage of Jacob thy father: for the mouth of the Lord hath spoken it. 1401 Isaiah 58', 'Faithful loyalty is honored even when the world despises it.', 4),
  ('ezekiel-watchman-1', 'ezekiel-watchman', 'SON OF MAN I HAVE MADE THEE A WATCHMAN', 'God’s commission to Ezekiel for the house of Israel.', null, 'Ezekiel 3:17', 'I have made thee a watchman unto the house of Israel: therefore hear the word at my mouth, and give them warning from me. Ezekiel 3 1541 Ezekiel 3', 'Last-day messengers share the watchman’s duty to warn.', 0),
  ('ezekiel-watchman-2', 'ezekiel-watchman', 'HEAR THE WORD AT MY MOUTH', 'Source of the watchman’s message — not human opinion.', null, 'Ezekiel 3:17', 'the word at my mouth, and give them warning from me. Ezekiel 3 1541 Ezekiel 3', 'Authority rests in God’s word spoken in love.', 1),
  ('ezekiel-watchman-3', 'ezekiel-watchman', 'HIS BLOOD WILL I REQUIRE', 'Consequence if the watchman fails to warn the wicked.', null, 'Ezekiel 3:18', 'blood will I require at thine hand. 19 Yet if thou warn the wicked, and he turn not from his wickedness, nor from his wicked way, he shall die in his iniquity; but thou hast delivered thy soul. 20 Again, When a righteous man doth turn fro', 'Silence when truth is needed is not neutrality.', 2),
  ('ezekiel-watchman-4', 'ezekiel-watchman', 'THOU HAST DELIVERED THY SOUL', 'Result when the watchman warns even if the hearer refuses.', null, 'Ezekiel 3:19', 'hast delivered thy soul. 20 Again, When a righteous man doth turn from his righteousness, and commit iniquity, and I lay a stumblingblock before him, he shall die: because thou hast not given him warning, he shall die in his sin, and hi', 'Faithful witness frees the messenger; hearers still choose.', 3),
  ('ezekiel-watchman-5', 'ezekiel-watchman', 'I HAVE NO PLEASURE IN THE DEATH', 'God’s heart toward the wicked who turn from their way.', null, 'Ezekiel 33:11', 'I have no pleasure in the death of the wicked; but that the wicked turn from his way and live: turn ye, turn ye from your evil ways; for why will ye die, O house of Israel? 12 Therefore, thou son of man, say unto the children of thy people,', 'Judgment is real, yet God’s desire is repentance and life.', 4),
  ('daniel-one-1', 'daniel-one', 'DANIEL PURPOSED IN HIS HEART', 'Daniel’s resolve not to defile himself with the king’s meat.', null, 'Daniel 1:8', 'But Daniel purposed in his heart that he would not defile himself with the portion of the king''s meat, nor with the wine which he drank: therefore he requested of the prince of the eunuchs that he might not defile himself. 9 Now God had brought', 'Character decisions made early sustain faithfulness later.', 0),
  ('daniel-one-2', 'daniel-one', 'PULSE TO EAT AND WATER TO DRINK', 'The ten-day diet request of the four Hebrews.', null, 'Daniel 1:12', 'to eat, and water to drink. 13 Then let our countenances be looked upon before thee, and the countenance of the children that eat of the portion of the king''s meat: and as thou seest, deal with thy servants. 14 So he consented to them i', 'Temperance is part of last-day preparation for clear minds.', 1),
  ('daniel-one-3', 'daniel-one', 'TEN TIMES BETTER', 'How the four compared to magicians after God’s blessing.', null, 'Daniel 1:20', 'times better than all the magicians and astrologers that were in all his realm. 21 And Daniel continued even unto the first year of king Cyrus. 1640 Daniel 1', 'God honors those who honor Him in ordinary choices.', 2),
  ('daniel-one-4', 'daniel-one', 'GOD GAVE THEM KNOWLEDGE', 'Source of the youths’ skill in learning and wisdom.', null, 'Daniel 1:17', 'God gave them knowledge and skill in all learning and wisdom: and Daniel had understanding in all visions and dreams. 18 Now at the end of the days that the king had said he should bring them in, then the prince of the eunuchs brought them i', 'True education unites intellect with loyalty to God.', 3),
  ('daniel-one-5', 'daniel-one', 'DANIEL CONTINUED EVEN UNTO', 'Daniel’s long service spanning multiple empires.', null, 'Daniel 1:21', 'And Daniel continued even unto the first year of king Cyrus. 1640 Daniel 1', 'Faithfulness is a lifetime race, not a single test.', 4),
  ('habakkuk-vision-1', 'habakkuk-vision', 'WRITE THE VISION', 'Command to make the vision plain upon tables.', null, 'Habakkuk 2:2', 'And the Lord answered me, and said, Write the vision, and make it plain upon tables, that he may run that readeth it. 3 For the vision is yet for an appointed time, but at the end it shall speak, and not lie: though it tarry, wait for it; because it will surely come, it will n', 'Prophetic truth must be clear enough to run with.', 0),
  ('habakkuk-vision-2', 'habakkuk-vision', 'THAT HE MAY RUN THAT READETH', 'Purpose of writing the vision plainly.', null, 'Habakkuk 2:2', 'he may run that readeth it. 3 For the vision is yet for an appointed time, but at the end it shall speak, and not lie: though it tarry, wait for it; because it will surely come, it will not tarry. 4 Behold, his soul which is lifted up is', 'Understanding moves the feet of messengers.', 1),
  ('habakkuk-vision-3', 'habakkuk-vision', 'THOUGH IT TARRY WAIT FOR IT', 'Counsel when the appointed time seems delayed.', null, 'Habakkuk 2:3', 'Though it tarry, wait for it; because it will surely come, it will not tarry. 4 Behold, his soul which is lifted up is not upright in him: but the just shall live by his faith. 5 Yea also, because he transgresseth by wine, he is a proud man,', 'Delay is not denial; the vision is for an appointed time.', 2),
  ('habakkuk-vision-4', 'habakkuk-vision', 'IT WILL SURELY COME', 'Certainty of the vision’s fulfillment.', null, 'Habakkuk 2:3', 'will surely come, it will not tarry. 4 Behold, his soul which is lifted up is not upright in him: but the just shall live by his faith. 5 Yea also, because he transgresseth by wine, he is a proud man, neither keepeth at home, who enlargeth', 'Hope holds when calendars of men fail.', 3),
  ('habakkuk-vision-5', 'habakkuk-vision', 'THE JUST SHALL LIVE BY HIS FAITH', 'Habakkuk’s line later quoted by Paul.', null, 'Habakkuk 2:4', 'Behold, his soul which is lifted up is not upright in him: but the just shall live by his faith. 5 Yea also, because he transgresseth by wine, he is a proud man, neither keepeth at home, who enlargeth his desire as hell, and is as death, and cannot be satisfied, but gathereth unto him all nations, and h', 'Righteousness by faith is the heartbeat of the remnant.', 4),
  ('zephaniah-day-1', 'zephaniah-day', 'THE GREAT DAY OF THE LORD', 'Zephaniah’s description of a day near and hasting greatly.', null, 'Zephaniah 1:14', 'The great day of the Lord is near, it is near, and hasteth greatly, even the voice of the day of the Lord: the mighty man shall cry there bitterly. 15 That day is a day of wrath, a day of trouble and distress, a day of wasteness and desolati', 'The day of the Lord sobers every generation that hears.', 0),
  ('zephaniah-day-2', 'zephaniah-day', 'A DAY OF WRATH', 'Part of Zephaniah’s catalog of that day’s terrors.', null, 'Zephaniah 1:15', 'That day is a day of wrath, a day of trouble and distress, a day of wasteness and desolation, a day of darkness and gloominess, a day of clouds and thick darkness, 16 A day of the trumpet and alarm against the fenced cities, and against the', 'Judgment is real; mercy invites us before it falls.', 1),
  ('zephaniah-day-3', 'zephaniah-day', 'SEEK YE THE LORD', 'Call to the meek of the earth before the decree bring forth.', null, 'Zephaniah 2:3', 'Seek ye the Lord, all ye meek of the earth, which have wrought his judgment; seek righteousness, seek meekness: it may be ye shall be hid in the day of the Lord''S anger. 4 For Gaza shall be forsaken, and Ashkelon a desolation: they shall dri', 'Seeking God is the only safe path as the day approaches.', 2),
  ('zephaniah-day-4', 'zephaniah-day', 'SEEK RIGHTEOUSNESS SEEK MEEKNESS', 'Twin pursuits that may hide in the day of anger.', null, 'Zephaniah 2:3', 'Seek ye the Lord, all ye meek of the earth, which have wrought his judgment; seek righteousness, seek meekness: it may be ye shall be hid in the day of the Lord''S anger. 4 For Gaza shall be forsaken, and Ashkelon a desolation: they shall drive out Ashdod at the noonday, and Ekron shall be rooted up. 5 Woe unto the inh', 'Character preparation cannot be borrowed at the last moment.', 3),
  ('zephaniah-day-5', 'zephaniah-day', 'IT MAY BE YE SHALL BE HID', 'Conditional hope for those who seek in time.', null, 'Zephaniah 2:3', 'may be ye shall be hid in the day of the Lord''S anger. 4 For Gaza shall be forsaken, and Ashkelon a desolation: they shall drive out Ashdod at the noonday, and Ekron shall be rooted up. 5 Woe unto the inhabitants of the sea coast, the nati', 'Hiding in Christ is the only shelter in the final storm.', 4),
  ('matthew-signs-1', 'matthew-signs', 'THIS GOSPEL OF THE KINGDOM', 'Must be preached in all the world before the end comes.', null, 'Matthew 24:14', 'And this gospel of the kingdom shall be preached in all the world for a witness unto all nations; and then shall the end come. 15 When ye therefore shall see the abomination of desolation, spoken of by Daniel the prophet, stand in the holy place', 'Mission finishes before history finishes.', 0),
  ('matthew-signs-2', 'matthew-signs', 'FOR A WITNESS UNTO ALL NATIONS', 'Purpose of the global gospel proclamation.', null, 'Matthew 24:14', 'And this gospel of the kingdom shall be preached in all the world for a witness unto all nations; and then shall the end come. 15 When ye therefore shall see the abomination of desolation, spoken of by Daniel the prophet, stand in the holy place, (whoso readeth, let him understand:) 16 Then let them which b', 'Every nation must hear a fair testimony of Christ.', 1),
  ('matthew-signs-3', 'matthew-signs', 'THEN SHALL THE END COME', 'What follows the finished witness of the gospel.', null, 'Matthew 24:14', 'then shall the end come. 15 When ye therefore shall see the abomination of desolation, spoken of by Daniel the prophet, stand in the holy place, (whoso readeth, let him understand:) 16 Then let them which be in Judaea flee into the mounta', 'The end is tied to mission, not to human speculation alone.', 2),
  ('matthew-signs-4', 'matthew-signs', 'AS THE DAYS OF NOE WERE', 'Jesus’ comparison for the coming of the Son of man.', null, 'Matthew 24:37', 'But as the days of Noe were, so shall also the coming of the Son of man be. 38 For as in the days that were before the flood they were eating and drinking, marrying and giving in marriage, until the day that Noe entered into the ark, 39 And knew', 'Ordinary life continues until judgment suddenly closes the door.', 3),
  ('matthew-signs-5', 'matthew-signs', 'WATCH THEREFORE', 'Jesus’ command because you know not what hour your Lord comes.', null, 'Matthew 24:42', 'Watch therefore: for ye know not what hour your Lord doth come. 43 But know this, that if the goodman of the house had known in what watch the thief would come, he would have watched, and would not have suffered his house to be broken up. 44', 'Watchfulness is love awake to the nearness of Christ.', 4),
  ('john-comfort-1', 'john-comfort', 'I WILL PRAY THE FATHER', 'Jesus’ promise to request another Comforter for the disciples.', null, 'John 14:16', 'And I will pray the Father, and he shall give you another Comforter, that he may abide with you for ever; 17 Even the Spirit of truth; whom the world cannot receive, because it seeth him not, neither knoweth him: but ye know him; for he dwelleth', 'The Spirit’s presence continues Christ’s ministry until He returns.', 0),
  ('john-comfort-2', 'john-comfort', 'SPIRIT OF TRUTH', 'Title of the Comforter the world cannot receive.', null, 'John 14:17', 'Even the Spirit of truth; whom the world cannot receive, because it seeth him not, neither knoweth him: but ye know him; for he dwelleth with you, and shall be in you. 18 I will not leave you comfortless: I will come to you. 19 Yet a little w', 'Truth is a Person’s guidance, not mere information.', 1),
  ('john-comfort-3', 'john-comfort', 'HE WILL GUIDE YOU INTO ALL TRUTH', 'Promise of the Spirit’s teaching work.', null, 'John 16:13', 'Howbeit when he, the Spirit of truth, is come, he will guide you into all truth: for he shall not speak of himself; but whatsoever he shall hear, that shall he speak: and he will shew you things to come. 14 He shall glorify me: for he shall receive of mine, and shall shew it unto you. 15', 'Last-day light comes through Spirit-led Scripture.', 2),
  ('john-comfort-4', 'john-comfort', 'SANCTIFY THEM THROUGH THY TRUTH', 'Jesus’ prayer for the disciples’ holiness.', null, 'John 17:17', 'Sanctify them through thy truth: thy word is truth. 18 As thou hast sent me into the world, even so have I also sent them into the world. 19 And for their sakes I sanctify myself, that they also might be sanctified through the truth. 20 Neithe', 'Holiness is not emotion alone; the Word shapes character.', 3),
  ('john-comfort-5', 'john-comfort', 'THY WORD IS TRUTH', 'Jesus’ definition of truth in His high-priestly prayer.', null, 'John 17:17', 'Sanctify them through thy truth: thy word is truth. 18 As thou hast sent me into the world, even so have I also sent them into the world. 19 And for their sakes I sanctify myself, that they also might be sanctified through the truth. 20 Neither pray I for these alone, but for', 'Scripture remains the standard when voices multiply.', 4),
  ('acts-witness-1', 'acts-witness', 'YE SHALL RECEIVE POWER', 'Promise after the Holy Ghost is come upon you.', null, 'Acts 1:8', 'But ye shall receive power, after that the Holy Ghost is come upon you: and ye shall be witnesses unto me both in Jerusalem, and in all Judaea, and in Samaria, and unto the uttermost part of the earth. 9 And when he had spoken these things, whil', 'Latter rain power finishes the Acts 1:8 commission.', 0),
  ('acts-witness-2', 'acts-witness', 'WITNESSES UNTO ME', 'What the disciples become in Jerusalem, Judea, Samaria, and beyond.', null, 'Acts 1:8', 'But ye shall receive power, after that the Holy Ghost is come upon you: and ye shall be witnesses unto me both in Jerusalem, and in all Judaea, and in Samaria, and unto the uttermost part of the earth. 9 And when he had spoken these things, while they beheld, he was taken up; and a cloud received him out of their si', 'Witness is identity before it is strategy.', 1),
  ('acts-witness-3', 'acts-witness', 'UNTO THE UTTERMOST PART OF THE EARTH', 'Geographic reach of the Spirit-powered commission.', null, 'Acts 1:8', 'the uttermost part of the earth. 9 And when he had spoken these things, while they beheld, he was taken up; and a cloud received him out of their sight. 10 And while they looked stedfastly toward heaven as he went up, behold, two men sto', 'No corner of earth is exempt from the gospel claim.', 2),
  ('acts-witness-4', 'acts-witness', 'THIS SAME JESUS', 'Angels’ assurance about the manner of Christ’s return.', null, 'Acts 1:11', 'same Jesus, which is taken up from you into heaven, shall so come in like manner as ye have seen him go into heaven. 12 Then returned they unto Jerusalem from the mount called Olivet, which is from Jerusalem a sabbath day''s journey. 13 A', 'The returning Lord is the same Jesus who ascended.', 3),
  ('acts-witness-5', 'acts-witness', 'SHALL SO COME IN LIKE MANNER', 'How Christ will return as the disciples watched Him go.', null, 'Acts 1:11', 'so come in like manner as ye have seen him go into heaven. 12 Then returned they unto Jerusalem from the mount called Olivet, which is from Jerusalem a sabbath day''s journey. 13 And when they were come in, they went up into an upper roo', 'Literal, visible, personal return — not a secret spiritualization only.', 4),
  ('romans-righteousness-1', 'romans-righteousness', 'I AM NOT ASHAMED OF THE GOSPEL', 'Paul’s bold confession of the gospel’s power.', null, 'Romans 1:16', 'For I am not ashamed of the gospel of Christ: for it is the power of God unto salvation to every one that believeth; to the Jew first, and also to the Greek. 17 For therein is the righteousness of God revealed from faith to faith: as it is writt', 'End-time witness needs unashamed courage.', 0),
  ('romans-righteousness-2', 'romans-righteousness', 'IT IS THE POWER OF GOD UNTO SALVATION', 'What the gospel is to everyone that believes.', null, 'Romans 1:16', 'For I am not ashamed of the gospel of Christ: for it is the power of God unto salvation to every one that believeth; to the Jew first, and also to the Greek. 17 For therein is the righteousness of God revealed from faith to faith: as it is written, The just shall live by faith. 18 For the wr', 'Salvation is divine power applied to human need.', 1),
  ('romans-righteousness-3', 'romans-righteousness', 'THERE IS THEREFORE NOW NO CONDEMNATION', 'Status of those in Christ Jesus.', null, 'Romans 8:1', 'There is therefore now no condemnation to them which are in Christ Jesus, who walk not after the flesh, but after the Spirit. 2 For the law of the Spirit of life in Christ Jesus hath made me free from the law of sin and death. 3 For what the', 'Judgment has an answer for those who abide in Christ.', 2),
  ('romans-righteousness-4', 'romans-righteousness', 'THE LAW IS HOLY', 'Paul’s verdict on the commandment after the gospel is preached.', null, 'Romans 7:12', 'Wherefore the law is holy, and the commandment holy, and just, and good. 13 Was then that which is good made death unto me? God forbid. But sin, that it might appear sin, working death in me by that which is good; that sin by the commandment might bec', 'Grace never makes the law sinful; it writes it on the heart.', 3),
  ('romans-righteousness-5', 'romans-righteousness', 'DO WE THEN MAKE VOID THE LAW', 'Paul’s rhetorical question after teaching justification by faith.', null, 'Romans 3:31', 'Do we then make void the law through faith? God forbid: yea, we establish the law. 2489 Romans 3', 'Faith establishes the law; it does not cancel it.', 4),
  ('galatians-liberty-1', 'galatians-liberty', 'I AM CRUCIFIED WITH CHRIST', 'Paul’s confession of union with the crucified Lord.', null, 'Galatians 2:20', 'I am crucified with Christ: nevertheless I live; yet not I, but Christ liveth in me: and the life which I now live in the flesh I live by the faith of the Son of God, who loved me, and gave himself for me. 21 I do not frustrate the grace of', 'Self dies so that Christ may live out His life in us.', 0),
  ('galatians-liberty-2', 'galatians-liberty', 'NEVERTHELESS I LIVE', 'Paradox of the crucified believer who still lives.', null, 'Galatians 2:20', 'I am crucified with Christ: nevertheless I live; yet not I, but Christ liveth in me: and the life which I now live in the flesh I live by the faith of the Son of God, who loved me, and gave himself for me. 21 I do not frustrate the grace of God: for if righteousness co', 'Christian life is Christ’s life reproduced by faith.', 1),
  ('galatians-liberty-3', 'galatians-liberty', 'THE LIFE WHICH I NOW LIVE', 'How Paul lives in the flesh — by faith of the Son of God.', null, 'Galatians 2:20', 'life which I now live in the flesh I live by the faith of the Son of God, who loved me, and gave himself for me. 21 I do not frustrate the grace of God: for if righteousness come by the law, then Christ is dead in vain. 2566 Galatians 2', 'Daily faith, not a past memory, sustains holiness.', 2),
  ('galatians-liberty-4', 'galatians-liberty', 'STAND FAST THEREFORE IN THE LIBERTY', 'Appeal not to be entangled again with the yoke of bondage.', null, 'Galatians 5:1', 'Stand fast therefore in the liberty wherewith Christ hath made us free, and be not entangled again with the yoke of bondage. 2 Behold, I Paul say unto you, that if ye be circumcised, Christ shall profit you nothing. 3 For I testify again to e', 'Gospel liberty is freedom to obey from love, not license to sin.', 3),
  ('galatians-liberty-5', 'galatians-liberty', 'BY LOVE SERVE ONE ANOTHER', 'How freedom expresses itself among believers.', null, 'Galatians 5:13', 'love serve one another. 14 For all the law is fulfilled in one word, even in this; Thou shalt love thy neighbour as thyself. 15 But if ye bite and devour one another, take heed that ye be not consumed one of another. 16 This I say then, Wal', 'True liberty kneels to serve.', 4),
  ('ephesians-unity-1', 'ephesians-unity', 'ONE LORD ONE FAITH ONE BAPTISM', 'Threefold unity in Paul’s list for the church.', null, 'Ephesians 4:5', 'One Lord, one faith, one baptism, 6 One God and Father of all, who is above all, and through all, and in you all. 7 But unto every one of us is given grace according to the measure of the gift of Christ. 8 Wherefore he saith, When he ascended', 'Unity is grounded in Christ, not in compromise of truth.', 0),
  ('ephesians-unity-2', 'ephesians-unity', 'ENDEAVOURING TO KEEP THE UNITY', 'How believers preserve the Spirit’s unity.', null, 'Ephesians 4:3', 'Endeavouring to keep the unity of the Spirit in the bond of peace. 4 There is one body, and one Spirit, even as ye are called in one hope of your calling; 5 One Lord, one faith, one baptism, 6 One God and Father of all, who is above all, and t', 'Unity is kept by effort under the Spirit’s bond.', 1),
  ('ephesians-unity-3', 'ephesians-unity', 'SPEAKING THE TRUTH IN LOVE', 'How the body grows up into Christ the head.', null, 'Ephesians 4:15', 'Speaking the truth in love, may grow up into him in all things, which is the head, even Christ: 16 From whom the whole body fitly joined together and compacted by that which every joint supplieth, according to the effectual working in the me', 'Last-day messages need both truth and love.', 2),
  ('ephesians-unity-4', 'ephesians-unity', 'GROW UP INTO HIM IN ALL THINGS', 'Goal of church maturity under Christ the head.', null, 'Ephesians 4:15', 'grow up into him in all things, which is the head, even Christ: 16 From whom the whole body fitly joined together and compacted by that which every joint supplieth, according to the effectual working in the measure of every part, maketh', 'Maturity is measured by likeness to Christ.', 3),
  ('ephesians-unity-5', 'ephesians-unity', 'WE ARE HIS WORKMANSHIP', 'Created in Christ Jesus unto good works.', null, 'Ephesians 2:10', 'For we are his workmanship, created in Christ Jesus unto good works, which God hath before ordained that we should walk in them. 11 Wherefore remember, that ye being in time past Gentiles in the flesh, who are called Uncircumcision by that which', 'Grace produces works; works never purchase grace.', 4),
  ('philippians-mind-1', 'philippians-mind', 'LET THIS MIND BE IN YOU', 'Paul’s call to share the attitude of Christ Jesus.', null, 'Philippians 2:5', 'Let this mind be in you, which was also in Christ Jesus: 6 Who, being in the form of God, thought it not robbery to be equal with God: 7 But made himself of no reputation, and took upon him the form of a servant, and was made in the likeness', 'The last generation needs the humility of the cross.', 0),
  ('philippians-mind-2', 'philippians-mind', 'HE HUMBLED HIMSELF', 'Christ’s descent even to the death of the cross.', null, 'Philippians 2:8', 'humbled himself, and became obedient unto death, even the death of the cross. 9 Wherefore God also hath highly exalted him, and given him a name which is above every name: 10 That at the name of Jesus every knee should bow, of things in he', 'Obedience unto death is the path of the Lamb.', 1),
  ('philippians-mind-3', 'philippians-mind', 'GOD ALSO HATH HIGHLY EXALTED HIM', 'Father’s response to the Son’s humiliation.', null, 'Philippians 2:9', 'Wherefore God also hath highly exalted him, and given him a name which is above every name: 10 That at the name of Jesus every knee should bow, of things in heaven, and things in earth, and things under the earth; 11 And that every tongue should confes', 'The cross precedes the crown for Christ and His people.', 2),
  ('philippians-mind-4', 'philippians-mind', 'I PRESS TOWARD THE MARK', 'Paul’s pursuit of the prize of the high calling.', null, 'Philippians 3:14', 'I press toward the mark for the prize of the high calling of God in Christ Jesus. 15 Let us therefore, as many as be perfect, be thus minded: and if in any thing ye be otherwise minded, God shall reveal even this unto you. 16 Nevertheless, wh', 'Sanctification is forward motion, not past achievement.', 3),
  ('philippians-mind-5', 'philippians-mind', 'MY GOD SHALL SUPPLY ALL YOUR NEED', 'Promise through Christ Jesus according to His riches.', null, 'Philippians 4:19', 'But my God shall supply all your need according to his riches in glory by Christ Jesus. 20 Now unto God and our Father be glory for ever and ever. Amen. 21 Salute every saint in Christ Jesus. The brethren which are with me greet you. 22 All the sa', 'Provision for mission comes from heaven’s treasury.', 4),
  ('colossians-christ-1', 'colossians-christ', 'BY HIM WERE ALL THINGS CREATED', 'Christ’s role in making heaven and earth.', null, 'Colossians 1:16', 'him were all things created, that are in heaven, and that are in earth, visible and invisible, whether they be thrones, or dominions, or principalities, or powers: all things were created by him, and for him: 17 And he is before all thing', 'Creator Christ is worthy of the first angel’s worship call.', 0),
  ('colossians-christ-2', 'colossians-christ', 'HE IS BEFORE ALL THINGS', 'Christ’s preeminence over creation.', null, 'Colossians 1:17', 'is before all things, and by him all things consist. 18 And he is the head of the body, the church: who is the beginning, the firstborn from the dead; that in all things he might have the preeminence. 19 For it pleased the Father that in h', 'History holds together only in Christ.', 1),
  ('colossians-christ-3', 'colossians-christ', 'IN HIM DWELLETH ALL THE FULNESS', 'Fullness of the Godhead bodily in Christ.', null, 'Colossians 2:9', 'For in him dwelleth all the fulness of the Godhead bodily. 10 And ye are complete in him, which is the head of all principality and power: 11 In whom also ye are circumcised with the circumcision made without hands, in putting off the body of the', 'We need no lesser mediator than the fullness of God in Christ.', 2),
  ('colossians-christ-4', 'colossians-christ', 'YE ARE COMPLETE IN HIM', 'Status of believers who are in the head of all principality.', null, 'Colossians 2:10', 'And ye are complete in him, which is the head of all principality and power: 11 In whom also ye are circumcised with the circumcision made without hands, in putting off the body of the sins of the flesh by the circumcision of Christ: 12 Buried wi', 'Completeness is in Christ, not in human additions to the gospel.', 3),
  ('colossians-christ-5', 'colossians-christ', 'YOUR LIFE IS HID WITH CHRIST IN GOD', 'Security of the risen life kept safe in heaven.', null, 'Colossians 3:3', 'For ye are dead, and your life is hid with Christ in God. 4 When Christ, who is our life, shall appear, then shall ye also appear with him in glory. 5 Mortify therefore your members which are upon the earth; fornication, uncleanness, inordinate affection, evil co', 'When Christ appears, the hidden life will be revealed in glory.', 4),
  ('thessalonians-hope-1', 'thessalonians-hope', 'THE LORD HIMSELF SHALL DESCEND', 'Personal descent of the Lord from heaven with a shout.', null, '1 Thessalonians 4:16', 'For the Lord himself shall descend from heaven with a shout, with the voice of the archangel, and with the trump of God: and the dead in Christ shall rise first: 17 Then we which are alive and remain shall be caught up together with them in the', 'The Advent is personal — the Lord Himself comes.', 0),
  ('thessalonians-hope-2', 'thessalonians-hope', 'THE DEAD IN CHRIST SHALL RISE FIRST', 'Order of events at the trumpet of God.', null, '1 Thessalonians 4:16', 'dead in Christ shall rise first: 17 Then we which are alive and remain shall be caught up together with them in the clouds, to meet the Lord in the air: and so shall we ever be with the Lord. 18 Wherefore comfort one another with these wo', 'Graves cannot hold those who sleep in Jesus.', 1),
  ('thessalonians-hope-3', 'thessalonians-hope', 'CAUGHT UP TOGETHER WITH THEM', 'Living saints join the raised ones in the clouds.', null, '1 Thessalonians 4:17', 'Caught up together with them in the clouds, to meet the Lord in the air: and so shall we ever be with the Lord. 18 Wherefore comfort one another with these words. 1 Thessalonians 4 2606 1 Thessalonians 4', 'Family reunion in the air with the Lord forever.', 2),
  ('thessalonians-hope-4', 'thessalonians-hope', 'SO SHALL WE EVER BE WITH THE LORD', 'Eternal outcome after the catching up.', null, '1 Thessalonians 4:17', 'shall we ever be with the Lord. 18 Wherefore comfort one another with these words. 1 Thessalonians 4 2606 1 Thessalonians 4', 'Heaven’s joy is perpetual presence with Christ.', 3),
  ('thessalonians-hope-5', 'thessalonians-hope', 'TO MEET THE LORD IN THE AIR', 'Where living saints join the raised ones when Christ descends.', null, '1 Thessalonians 4:17', 'meet the Lord in the air: and so shall we ever be with the Lord. 18 Wherefore comfort one another with these words. 1 Thessalonians 4 2606 1 Thessalonians 4', 'Prophecy is for comfort as well as warning — reunion in the air with Christ forever.', 4),
  ('timothy-scripture-1', 'timothy-scripture', 'ALL SCRIPTURE IS GIVEN BY INSPIRATION', 'Paul’s doctrine of how Scripture comes from God.', null, '2 Timothy 3:16', 'All scripture is given by inspiration of God, and is profitable for doctrine, for reproof, for correction, for instruction in righteousness: 17 That the man of God may be perfect, throughly furnished unto all good works. 2 Timothy 3 2626 2 T', 'Last-day faith rests on God-breathed Scripture.', 0),
  ('timothy-scripture-2', 'timothy-scripture', 'PROFITABLE FOR DOCTRINE', 'First use Paul lists for inspired Scripture.', null, '2 Timothy 3:16', 'All scripture is given by inspiration of God, and is profitable for doctrine, for reproof, for correction, for instruction in righteousness: 17 That the man of God may be perfect, throughly furnished unto all good works. 2 Timothy 3 2626 2 Timothy 3', 'Doctrine must be Bible-derived, not tradition-driven.', 1),
  ('timothy-scripture-3', 'timothy-scripture', 'THAT THE MAN OF GOD MAY BE PERFECT', 'Purpose of Scripture’s thorough equipment.', null, '2 Timothy 3:17', 'That the man of God may be perfect, throughly furnished unto all good works. 2 Timothy 3 2626 2 Timothy 3', 'Scripture completes the worker for every good work.', 2),
  ('timothy-scripture-4', 'timothy-scripture', 'PREACH THE WORD', 'Paul’s solemn charge to Timothy before God and Christ.', null, '2 Timothy 4:2', 'Preach the word; be instant in season, out of season; reprove, rebuke, exhort with all longsuffering and doctrine. 3 For the time will come when they will not endure sound doctrine; but after their own lusts shall they heap to themselves tea', 'The loud cry is still the preached Word.', 3),
  ('timothy-scripture-5', 'timothy-scripture', 'THEY WILL NOT ENDURE SOUND DOCTRINE', 'End-time itching ears that heap teachers to themselves.', null, '2 Timothy 4:3', 'For the time will come when they will not endure sound doctrine; but after their own lusts shall they heap to themselves teachers, having itching ears; 4 And they shall turn away their ears from the truth, and shall be turned unto fables. 5 But watch thou in all things,', 'Popularity is no test of truth in the last days.', 4),
  ('hebrews-faith-1', 'hebrews-faith', 'FAITH IS THE SUBSTANCE OF THINGS HOPED FOR', 'Hebrews’ definition of faith.', null, 'Hebrews 11:1', 'Now faith is the substance of things hoped for, the evidence of things not seen. 2 For by it the elders obtained a good report. 3 Through faith we understand that the worlds were framed by the word of God, so that things which are seen were not m', 'Faith treats God’s promises as present reality.', 0),
  ('hebrews-faith-2', 'hebrews-faith', 'THE EVIDENCE OF THINGS NOT SEEN', 'Second half of faith’s definition.', null, 'Hebrews 11:1', 'Now faith is the substance of things hoped for, the evidence of things not seen. 2 For by it the elders obtained a good report. 3 Through faith we understand that the worlds were framed by the word of God, so that things which are seen were not made of things which do appear. 4 By faith Abe', 'Sight will confirm what faith already holds.', 1),
  ('hebrews-faith-3', 'hebrews-faith', 'WITHOUT FAITH IT IS IMPOSSIBLE TO PLEASE HIM', 'Necessity of faith for anyone who comes to God.', null, 'Hebrews 11:6', 'But without faith it is impossible to please him: for he that cometh to God must believe that he is, and that he is a rewarder of them that diligently seek him. 7 By faith Noah, being warned of God of things not seen as yet, moved with fear, pre', 'The remnant walks by faith when miracles multiply on both sides.', 2),
  ('hebrews-faith-4', 'hebrews-faith', 'LOOKING UNTO JESUS', 'Author and finisher of our faith.', null, 'Hebrews 12:2', 'Looking unto Jesus the author and finisher of our faith; who for the joy that was set before him endured the cross, despising the shame, and is set down at the right hand of the throne of God. 3 For consider him that endured such contradicti', 'Eyes on Jesus finish the race begun by grace.', 3),
  ('hebrews-faith-5', 'hebrews-faith', 'LET US RUN WITH PATIENCE', 'The race set before us, laid aside every weight.', null, 'Hebrews 12:1', 'us run with patience the race that is set before us, 2 Looking unto Jesus the author and finisher of our faith; who for the joy that was set before him endured the cross, despising the shame, and is set down at the right hand of the thro', 'Patience is the endurance of the saints in Revelation too.', 4),
  ('james-works-1', 'james-works', 'BE YE DOERS OF THE WORD', 'James’ appeal not to be hearers only.', null, 'James 1:22', 'But be ye doers of the word, and not hearers only, deceiving your own selves. 23 For if any be a hearer of the word, and not a doer, he is like unto a man beholding his natural face in a glass: James 1 2658 James 1', 'Knowledge without obedience deceives the soul.', 0),
  ('james-works-2', 'james-works', 'FAITH WITHOUT WORKS IS DEAD', 'James’ verdict on claim-only religion.', null, 'James 2:26', 'without works is dead also. 2661 James 2', 'Living faith acts; empty profession does not save.', 1),
  ('james-works-3', 'james-works', 'PURE RELIGION AND UNDEFILED', 'Visiting orphans and widows; keeping unspotted from the world.', null, 'James 1:27', 'Pure religion and undefiled before God and the Father is this, To visit the fatherless and widows in their affliction, and to keep himself unspotted from the world. 2659 James 1', 'True piety serves the vulnerable and stays unspotted.', 2),
  ('james-works-4', 'james-works', 'RESIST THE DEVIL', 'James’ command so that the devil will flee.', null, 'James 4:7', 'Resist the devil, and he will flee from you. 8 Draw nigh to God, and he will draw nigh to you. Cleanse your hands, ye sinners; and purify your hearts, ye double minded. 9 Be afflicted, and mourn, and weep: let your laughter be turned to mourn', 'Resistance under God’s submission ends Satan’s bluff.', 3),
  ('james-works-5', 'james-works', 'DRAW NIGH TO GOD', 'James promises reciprocal nearness when you approach the throne.', null, 'James 4:8', 'Draw nigh to God, and he will draw nigh to you. Cleanse your hands, ye sinners; and purify your hearts, ye double minded. 9 Be afflicted, and mourn, and weep: let your laughter be turned to mourning, and your joy to heaviness. 10 Humble yours', 'Nearness to God is the safeguard of the last days.', 4),
  ('peter-promise-1', 'peter-promise', 'EXCEEDING GREAT AND PRECIOUS PROMISES', 'Given that we might be partakers of the divine nature.', null, '2 Peter 1:4', 'Exceeding great and precious promises: that by these ye might be partakers of the divine nature, having escaped the corruption that is in the world through lust. 5 And beside this, giving all diligence, add to your faith virtue; and to virtu', 'Promises are the ladder of character growth.', 0),
  ('peter-promise-2', 'peter-promise', 'PARTAKERS OF THE DIVINE NATURE', 'Result of claiming God’s promises by faith.', null, '2 Peter 1:4', 'Partakers of the divine nature, having escaped the corruption that is in the world through lust. 5 And beside this, giving all diligence, add to your faith virtue; and to virtue knowledge; 6 And to knowledge temperance; and to temperance pati', 'Sanctification is sharing God’s life, not mere self-improvement.', 1),
  ('peter-promise-3', 'peter-promise', 'A MORE SURE WORD OF PROPHECY', 'Peter’s confidence even above the mount of transfiguration vision.', null, '2 Peter 1:19', 'We have also a more sure word of prophecy; whereunto ye do well that ye take heed, as unto a light that shineth in a dark place, until the day dawn, and the day star arise in your hearts: 20 Knowing this first, that no prophecy of the script', 'Prophetic Scripture outranks private experience.', 2),
  ('peter-promise-4', 'peter-promise', 'AS UNTO A LIGHT THAT SHINETH', 'How prophecy functions in a dark place.', null, '2 Peter 1:19', 'unto a light that shineth in a dark place, until the day dawn, and the day star arise in your hearts: 20 Knowing this first, that no prophecy of the scripture is of any private interpretation. 21 For the prophecy came not in old time by th', 'Prophecy lights the path until the day dawn.', 3),
  ('peter-promise-5', 'peter-promise', 'NO PROPHECY OF THE SCRIPTURE IS OF ANY PRIVATE INTERPRETATION', 'Peter’s rule for handling prophetic Scripture.', null, '2 Peter 1:20', 'prophecy of the scripture is of any private interpretation. 21 For the prophecy came not in old time by the will of man: but holy men of God spake as they were moved by the Holy Ghost. 2676 2 Peter 1', 'Humble, Spirit-led interpretation guards against speculation.', 4),
  ('john-love-1', 'john-love', 'GOD IS LOVE', 'John’s simple revelation of God’s essential nature.', null, '1 John 4:8', 'He that loveth not knoweth not God; for God is love. 9 In this was manifested the love of God toward us, because that God sent his only begotten Son into the world, that we might live through him. 10 Herein is love, not that we loved God, but that he loved us, and sent his Son', 'Every last-day doctrine must be read in the light of God’s love.', 0),
  ('john-love-2', 'john-love', 'WE LOVE HIM BECAUSE HE FIRST LOVED US', 'Source of Christian love.', null, '1 John 4:19', 'We love him, because he first loved us. 20 If a man say, I love God, and hateth his brother, he is a liar: for he that loveth not his brother whom he hath seen, how can he love God whom he hath not seen? 21 And this commandment have we from h', 'Obedience is response to love already given.', 1),
  ('john-love-3', 'john-love', 'THIS IS THE LOVE OF GOD', 'That we keep His commandments.', null, '1 John 5:3', 'For this is the love of God, that we keep his commandments: and his commandments are not grievous. 4 For whatsoever is born of God overcometh the world: and this is the victory that overcometh the world, even our faith. 5 Who is he that overcomet', 'Love and law are not enemies in Scripture.', 2),
  ('john-love-4', 'john-love', 'HIS COMMANDMENTS ARE NOT GRIEVOUS', 'John’s testimony about the weight of God’s commands.', null, '1 John 5:3', 'For this is the love of God, that we keep his commandments: and his commandments are not grievous. 4 For whatsoever is born of God overcometh the world: and this is the victory that overcometh the world, even our faith. 5 Who is he that overcometh the world, but he that believeth that Jesus is the Son of', 'Grace makes the yoke easy and the burden light.', 3),
  ('john-love-5', 'john-love', 'HE THAT HATH THE SON HATH LIFE', 'Eternal life defined by possession of the Son.', null, '1 John 5:12', 'He that hath the Son hath life; and he that hath not the Son of God hath not life. 13 These things have I written unto you that believe on the name of the Son of God; that ye may know that ye have eternal life, and that ye may believe on the', 'Life is a Person before it is a place.', 4),
  ('jude-contend-1', 'jude-contend', 'EARNESTLY CONTEND FOR THE FAITH', 'Jude’s appeal for the faith once delivered unto the saints.', null, 'Jude 1:3', 'Earnestly contend for the faith which was once delivered unto the saints. 4 For there are certain men crept in unawares, who were before of old ordained to this condemnation, ungodly men, turning the grace of our God into lasciviousness, and', 'Truth is worth earnest, loving contention.', 0),
  ('jude-contend-2', 'jude-contend', 'ONCE DELIVERED UNTO THE SAINTS', 'The faith is not a modern invention.', null, 'Jude 1:3', 'faith which was once delivered unto the saints. 4 For there are certain men crept in unawares, who were before of old ordained to this condemnation, ungodly men, turning the grace of our God into lasciviousness, and denying the only Lord', 'Apostolic faith is the standard for the end-time church.', 1),
  ('jude-contend-3', 'jude-contend', 'BUILDING UP YOURSELVES ON YOUR MOST HOLY FAITH', 'How to keep in the love of God while contending.', null, 'Jude 1:20', 'But ye, beloved, building up yourselves on your most holy faith, praying in the Holy Ghost, 21 Keep yourselves in the love of God, looking for the mercy of our Lord Jesus Christ unto eternal life. 22 And of some have compassion, making a difference: 23 And oth', 'Defense of truth requires personal spiritual construction.', 2),
  ('jude-contend-4', 'jude-contend', 'PRAYING IN THE HOLY GHOST', 'Jude’s companion to building on holy faith.', null, 'Jude 1:20', 'But ye, beloved, building up yourselves on your most holy faith, praying in the Holy Ghost, 21 Keep yourselves in the love of God, looking for the mercy of our Lord Jesus Christ unto eternal life. 22 And of some have compassion, making a difference: 23 And others save with fear, pulling them out of the fire', 'Prayer in the Spirit fuels faithful contention.', 3),
  ('jude-contend-5', 'jude-contend', 'KEEP YOURSELVES IN THE LOVE OF GOD', 'Looking for the mercy of our Lord Jesus Christ unto eternal life.', null, 'Jude 1:21', 'Keep yourselves in the love of God, looking for the mercy of our Lord Jesus Christ unto eternal life. 22 And of some have compassion, making a difference: 23 And others save with fear, pulling them out of the fire; hating even the garment spo', 'Stay in love while you stand for truth.', 4),
  ('rev-letters-1', 'rev-letters', 'I KNOW THY WORKS', 'Christ’s repeated knowledge of each church’s condition.', null, 'Revelation 2:2', 'I know thy works, and thy labour, and thy patience, and how thou canst not bear them which are evil: and thou hast tried them which say they are apostles, and are not, and hast found them liars: 3 And hast borne, and hast patience, and for m', 'Nothing about the church is hidden from its Head.', 0),
  ('rev-letters-2', 'rev-letters', 'BE THOU FAITHFUL UNTO DEATH', 'Promise of a crown of life to Smyrna’s sufferers.', null, 'Revelation 2:10', 'thou faithful unto death, and I will give thee a crown of life. 11 He that hath an ear, let him hear what the Spirit saith unto the churches; He that overcometh shall not be hurt of the second death. 12 And to the angel of the church in Pe', 'Faithfulness, not length of life, wins the crown.', 1),
  ('rev-letters-3', 'rev-letters', 'HOLD THAT FAST WHICH THOU HAST', 'Counsel so that no man take thy crown.', null, 'Revelation 3:11', 'Behold, I come quickly: hold that fast which thou hast, that no man take thy crown. 12 Him that overcometh will I make a pillar in the temple of my God, and he shall go no more out: and I will write upon him the name of my God, and the name of the city of my God, w', 'Preserve present truth until Jesus comes.', 2),
  ('rev-letters-4', 'rev-letters', 'I STAND AT THE DOOR AND KNOCK', 'Christ’s appeal outside Laodicea’s door.', null, 'Revelation 3:20', 'Behold, I stand at the door, and knock: if any man hear my voice, and open the door, I will come in to him, and will sup with him, and he with me. 21 To him that overcometh will I grant to sit with me in my throne, even as I also overcame, a', 'Even lukewarm hearts hear a personal knock of mercy.', 3),
  ('rev-letters-5', 'rev-letters', 'TO HIM THAT OVERCOMETH', 'Repeated promise formula in the seven letters.', null, 'Revelation 3:21', 'To him that overcometh will I grant to sit with me in my throne, even as I also overcame, and am set down with my Father in his throne. 22 He that hath an ear, let him hear what the Spirit saith unto the churches. 2703 Revelation 3', 'Overcoming is possible in Christ for every church age.', 4),
  ('rev-final-1', 'rev-final', 'BLESSED IS HE THAT READETH', 'Opening beatitude of Revelation for readers and keepers.', null, 'Revelation 1:3', 'Blessed is he that readeth, and they that hear the words of this prophecy, and keep those things which are written therein: for the time is at hand. 4 John to the seven churches which are in Asia: Grace be unto you, and peace, from him which', 'Prophetic study is commanded and blessed.', 0),
  ('rev-final-2', 'rev-final', 'KEEP THOSE THINGS WHICH ARE WRITTEN', 'Blessing tied to keeping Revelation’s words.', null, 'Revelation 1:3', 'those things which are written therein: for the time is at hand. 4 John to the seven churches which are in Asia: Grace be unto you, and peace, from him which is, and which was, and which is to come; and from the seven Spirits which are', 'Hearing without keeping forfeits the blessing.', 1),
  ('rev-final-3', 'rev-final', 'THE TIME IS AT HAND', 'Urgency attached to Revelation’s opening blessing.', null, 'Revelation 1:3', 'the time is at hand. 4 John to the seven churches which are in Asia: Grace be unto you, and peace, from him which is, and which was, and which is to come; and from the seven Spirits which are before his throne; 5 And from Jesus Christ, wh', 'Urgency is part of the book’s message in every age.', 2),
  ('rev-final-4', 'rev-final', 'SURELY I COME QUICKLY', 'Jesus’ thrice-echoed closing promise.', null, 'Revelation 22:20', 'He which testifieth these things saith, Surely I come quickly. Amen. Even so, come, Lord Jesus. 21 The grace of our Lord Jesus Christ be with you all. Amen. 2734 Revelation 22', 'The last word of Jesus in Scripture is soon return.', 3),
  ('rev-final-5', 'rev-final', 'EVEN SO COME LORD JESUS', 'John’s response to the promise of soon coming.', null, 'Revelation 22:20', 'Even so, come, Lord Jesus. 21 The grace of our Lord Jesus Christ be with you all. Amen. 2734 Revelation 22', 'The remnant’s prayer matches heaven’s promise.', 4),
  ('psalms-refuge-1', 'psalms-refuge', 'THE LORD IS MY SHEPHERD', 'Opening of the best-known psalm of trust.', null, 'Psalm 23:1', 'The Lord is my shepherd; I shall not want. 2 He maketh me to lie down in green pastures: he leadeth me beside the still waters. 3 He restoreth my soul: he leadeth me in the paths of righteousness for his name''s sake. 4 Yea, though I walk throu', 'Shepherd care continues through the valley of the shadow.', 0),
  ('psalms-refuge-2', 'psalms-refuge', 'HE LEADETH ME BESIDE THE STILL WATERS', 'Restoring path of the Shepherd for the soul.', null, 'Psalm 23:2', 'He maketh me to lie down in green pastures: he leadeth me beside the still waters. 3 He restoreth my soul: he leadeth me in the paths of righteousness for his name''s sake. 4 Yea, though I walk through the valley of the shadow of death, I will fear no evil: for thou art with me; thy rod', 'God’s leading is restful even in crisis seasons.', 1),
  ('psalms-refuge-3', 'psalms-refuge', 'THY WORD IS A LAMP UNTO MY FEET', 'How Scripture guides step by step.', null, 'Psalm 119:105', 'Thy word is a lamp unto my feet, and a light unto my path. 106 I have sworn, and I will perform it, that I will keep thy righteous judgments. 107 I am afflicted very much: quicken me, O Lord, according unto thy word. 108 Accept, I beseech thee', 'Path light for the last days is still the Word.', 2),
  ('psalms-refuge-4', 'psalms-refuge', 'GOD IS OUR REFUGE AND STRENGTH', 'A very present help in trouble.', null, 'Psalm 46:1', 'God is our refuge and strength, a very present help in trouble. 2 Therefore will not we fear, though the earth be removed, and though the mountains be carried into the midst of the sea; 3 Though the waters thereof roar and be troubled, though', 'Refuge is a Person when the earth is removed.', 3),
  ('psalms-refuge-5', 'psalms-refuge', 'BE STILL AND KNOW THAT I AM GOD', 'Command in the psalm of God’s exaltation among the nations.', null, 'Psalm 46:10', 'Be still, and know that I am God: I will be exalted among the heathen, I will be exalted in the earth. 11 The Lord of hosts is with us; the God of Jacob is our refuge. Selah. Psalm 46 1105 Psalm 46', 'Stillness before God steadies the end-time heart.', 4),
  ('proverbs-wisdom-1', 'proverbs-wisdom', 'THE FEAR OF THE LORD IS THE BEGINNING OF WISDOM', 'Foundation of true knowledge.', null, 'Proverbs 9:10', 'The fear of the Lord is the beginning of wisdom: a good understanding have all they that do his commandments: his praise endureth for ever. Psalm 111 1184 Psalm 111', 'Reverence for God is the first lesson of true education.', 0),
  ('proverbs-wisdom-2', 'proverbs-wisdom', 'TRUST IN THE LORD WITH ALL THINE HEART', 'Call not to lean on your own understanding.', null, 'Proverbs 3:5', 'Trust in the Lord with all thine heart; and lean not unto thine own understanding. 6 In all thy ways acknowledge him, and he shall direct thy paths. 7 Be not wise in thine own eyes: fear the Lord, and depart from evil. 8 It shall be health to', 'Whole-heart trust is the remnant’s security system.', 1),
  ('proverbs-wisdom-3', 'proverbs-wisdom', 'LEAN NOT UNTO THINE OWN UNDERSTANDING', 'Companion command to whole-heart trust.', null, 'Proverbs 3:5', 'Trust in the Lord with all thine heart; and lean not unto thine own understanding. 6 In all thy ways acknowledge him, and he shall direct thy paths. 7 Be not wise in thine own eyes: fear the Lord, and depart from evil. 8 It shall be health to thy navel, and marrow to thy bones. 9 Honour', 'Self-wisdom fails in the final crisis.', 2),
  ('proverbs-wisdom-4', 'proverbs-wisdom', 'IN ALL THY WAYS ACKNOWLEDGE HIM', 'Condition for God directing your paths.', null, 'Proverbs 3:6', 'In all thy ways acknowledge him, and he shall direct thy paths. 7 Be not wise in thine own eyes: fear the Lord, and depart from evil. 8 It shall be health to thy navel, and marrow to thy bones. 9 Honour the Lord with thy substance, and with th', 'Direction follows acknowledgment in every path.', 3),
  ('proverbs-wisdom-5', 'proverbs-wisdom', 'THERE IS A WAY WHICH SEEMETH RIGHT', 'Warning that ends in death.', null, 'Proverbs 14:12', 'There is a way which seemeth right unto a man, but the end thereof are the ways of death. 13 Even in laughter the heart is sorrowful; and the end of that mirth is heaviness. 14 The backslider in heart shall be filled with his own ways: and a', 'Seeming right is not the same as being right.', 4)
on conflict (id) do update set chapter_id = excluded.chapter_id, word = excluded.word, clue = excluded.clue, expert_clue = excluded.expert_clue, verse = excluded.verse, scripture = excluded.scripture, summary = excluded.summary, sort_order = excluded.sort_order;
